Vertices,Dijkstra,BMSSP,Speedup
10,1.52587890625e-06,1.8596649169921875e-05,0.08205128205128205
100,6.604194641113281e-06,8.726119995117188e-06,0.7568306010928961
1000,0.0005312681198120118,0.0006336450576782226,0.8384317266809649
5000,0.007447052001953125,0.007956838607788086,0.9359310109248683
